{"number of tables": 1101, "tables per database": null, "mean columns per table": 16.873751135331517, "median columns per table": 12, "95th columns per table": 33.0, "mean rows per table": 58.19618528610354, "median rows per table": 25, "95th rows per table": 263.0, "sparsity": 0.12031399032531477, "non-numerical columns": 0.3283453547206373, "numerical columns": 0.6716546452793627, "parsing_failed": 0}