{"number of tables": 59548, "tables per database": null, "mean columns per table": 8.155605561899645, "median columns per table": 7.0, "95th columns per table": 17.0, "mean rows per table": 182.35737556257138, "median rows per table": 33.0, "95th rows per table": 721.0, "sparsity": 0.08262176357928253, "non-numerical columns": 0.8530011325028313, "numerical columns": 0.14699886749716876, "parsing_failed": 0}