{"number of tables": 1183, "tables per database": null, "mean columns per table": 21.197802197802197, "median columns per table": 21, "95th columns per table": 31.0, "mean rows per table": 246.9797125950972, "median rows per table": 32, "95th rows per table": 924.0, "sparsity": 0.06701766755913109, "non-numerical columns": 0.15647804761335088, "numerical columns": 0.8435219523866491}