{"x": [5, 10, 20, 30, 40, 60, 80, 100], "y": [0.04614279182180416, 0.02793839758125472, 0.01616604805986373, 0.014661539283710242, 0.014696333852875679, 0.009228182950516955, 0.011262607396339185, 0.01019185301496201]}