{"x": [0.0, 0.2, 0.4, 0.6, 0.8, 1.0], "y": [0.04806812824139556, 0.02732683982683983, 0.010469160469160469, 0.006749428305424342, 0.0060615283167211945, 0.0021600240002666695]}