{"x": [5, 10, 20, 30, 40, 60, 80, 100], "y": [0.36968608820460674, 0.29787887377173095, 0.2170532294699552, 0.18693530033132782, 0.14786609539576015, 0.09804901559428722, 0.06837276604261854, 0.04920289104242137]}