{"x": [0.0, 0.2, 0.4, 0.6, 0.8, 1.0], "y": [0.22059855985598562, 0.23884100304554848, 0.24615284588850025, 0.24285418044443954, 0.25421903747574187, 0.22776076861011138]}